id;first_name;middle_name;last_name;email;address;city;state;country;institute;designation;active_status
1;Chelsie;Malaysia fuchsia Macao;Medhurst;"\vU%*@KC.z";Gorgeous Fresh Sausages Islands Handcrafted;Wardton;Multi-tiered;Libyan Arab Jamahiriya;directional Intuitive Cheese;Keyboard Granite Graphic Interface;Inactive
2;Lea;Palau;Tromp;"Mus@z1+[.>Ss,&";users;Zaneland;content-based interactive Bedfordshire;Afghanistan;Field;copying Streets implementation;Inactive
3;Maximus;Jamaican Dollar;Raynor;"JDa+6@3.R/A";Locks;Dibbertport;Table killer auxiliary;Luxembourg;SMTP;application Functionality Pa'anga;Inactive
4;Dante;Metal Granite invoice;Ernser;">@V+cgQ.#6Rc";SDD Liaison;Port Micheleton;synthesize TCP;Philippines;Moroccan Dirham Tasty;Future Plastic Pataca;Active
5;Trycia;Concrete Sausages;Jacobs;"f.i\@l.0prU";Steel User-friendly;Lubowitzfort;Nepal;French Polynesia;Markets;orchid Beauty;Inactive
6;Cory;HDD;Pfeffer;"AJe'+P@j>|o`..6#Sg";navigating;Stantonmouth;PNG networks Dynamic;Bahamas;best-of-breed Savings Account;leverage Technician infomediaries;Active
7;Troy;Chief deposit Graphical User Interface;Reilly;"M@0f<_.b28";Incredible Wooden Bike;Robertschester;microchip;Marshall Islands;methodologies Practical Cotton Tuna Future;SMTP;Inactive
8;Modesto;PNG Sports;Lesch;"7@!Ax:**.&:+$G2";Savings Account;Lake Fabiola;Senior;Cayman Islands;backing up Dalasi Credit Card Account;Papua New Guinea Security complexity;Inactive
9;Emelia;markets national payment;Kreiger;"t@N&Kr.#z:";Regional orange;Port Jude;deposit Fork;Cook Islands;Washington;Streets interactive;Active
10;Celestine;Frozen;Hessel;"0{E,@-..5si";Usability modular Berkshire;Scottyton;hybrid black;Ukraine;Handcrafted Chips;Sports;Inactive
